name	record_kind	type	path_or_source	lanes	invocation	verified_state	cost_tier	evidence	notes
compact-now	skill	invokable	plugins/chrono-vault/skills/compact-now/SKILL.md	claude	operator-triggered slash/prose intent; runs inline and invokes native compact after state capture	yes	none	repo-find+SKILL-frontmatter	Requires chrono-vault and coordinator helpers.
blind-rediscovery	skill	invokable	plugins/chrono-vault/skills/blind-rediscovery/SKILL.md	claude	read and execute checklist before blind rediscovery fan-out	yes	none	repo-find+SKILL-frontmatter	Repo skill references private operational dossier conventions.
parity-probe	skill	invokable	plugins/chrono-vault/skills/parity-probe/SKILL.md	claude	operator-driven cross-provider reachability probe	stale	none	repo-find+SKILL-frontmatter	Not a hard dependency: still expects retired chrono-catalog and stale provider/model details.
sandbox-provision-discipline	skill	invokable	model-lanes/gpt-codex/.agents/skills/sandbox-provision-discipline/SKILL.md	codex	load before provisioning or using isolation for risky tests	yes	none	repo-find+SKILL-frontmatter	Fail before execution when authorization or containment evidence is missing.
imagegen	skill	invokable	~/.codex/skills/.system/imagegen/SKILL.md	codex	generate or edit raster images when the task matches the skill trigger	yes	subscription	codex-session-skill-inventory@2026-07-17	Session-exposed system skill; paid_media and rights gates still apply to generation.
openai-docs	skill	invokable	~/.codex/skills/.system/openai-docs/SKILL.md	codex	official OpenAI product documentation workflow	yes	none	codex-session-skill-inventory@2026-07-17	Use official OpenAI documentation surfaces and citations.
plugin-creator	skill	invokable	~/.codex/skills/.system/plugin-creator/SKILL.md	codex	create or update Codex plugin scaffolding when explicitly requested	yes	none	codex-session-skill-inventory@2026-07-17	Mutation remains inside task write_scope.
skill-creator	skill	invokable	~/.codex/skills/.system/skill-creator/SKILL.md	codex	create or update an effective Codex skill when explicitly requested	yes	none	codex-session-skill-inventory@2026-07-17	Creation does not prove cross-lane discovery.
skill-installer	skill	invokable	~/.codex/skills/.system/skill-installer/SKILL.md	codex	install curated or repository skills when explicitly authorized	yes	none	codex-session-skill-inventory@2026-07-17	Installation is a separate mutation task.
rule8-truth-gate	skill	invokable	.agents/skills/rule8-truth-gate/SKILL.md	claude|codex|kimi	read + execute at the S4 Rule-8 truth gate; emits PASS/needs_tool with claim_to_citation/date_window/reject_unsupported	partial	none	repo-find+SKILL-frontmatter@2026-07-17; fuses claim-verification+citation-audit	Fuses claim-verification + citation-audit. Filesystem-present in .agents/skills/; per-lane discovery NOT smoke-verified (do not treat as yes). Gemini needs its own copy via gemini hooks migrate/agentskills.io (follow-up). Not yet wired into card S4 tuples.
rule6-rights-gate	skill	invokable	.agents/skills/rule6-rights-gate/SKILL.md	claude|codex|kimi	read + execute at the media S4 Rule-6 rights gate; emits the machine gate record (PASS/HOLD/FAIL)	partial	none	repo-find+SKILL-frontmatter@2026-07-17; fuses rights-and-provenance-gate+consent-and-likeness-check	Fuses rights-and-provenance-gate + consent-and-likeness-check. Filesystem-present; per-lane discovery NOT smoke-verified. Gemini needs its own copy (follow-up). Not yet wired into card S4 tuples.
visual-regression-baseline	skill	invokable	.agents/skills/visual-regression-baseline/SKILL.md	claude|codex|kimi	read + execute at the S4 visual-verify gate (baseline->re-capture->tolerance diff->human/view_image classify)	partial	none	repo-find+SKILL-frontmatter@2026-07-17; promoted from shared/skills/visual-regression-baseline.md	Invokable promotion of the authored pattern-doc (row retained for existing (authored) card citations). Filesystem-present; per-lane discovery NOT smoke-verified. Gemini needs its own copy (follow-up). Card S4 wiring stays (authored) until discovery-smoke.
brainstorming	skill	invokable	~/.claude/plugins/cache/claude-plugins-official/superpowers/6.1.1/skills/brainstorming/SKILL.md	claude	read + execute before any creative/feature work (S1 frame) — explore intent before building	yes	none	plugin-active@2026-07-17 (using-superpowers force-loaded)	Claude-lane-native superpowers plugin skill (v6.1.1); supported_lanes=claude only — codex/kimi/gemini fall back to the pattern-doc; not in .agents/skills/.
writing-plans	skill	invokable	~/.claude/plugins/cache/claude-plugins-official/superpowers/6.1.1/skills/writing-plans/SKILL.md	claude	read + execute when a multi-step task has a spec, before touching code (planning)	yes	none	plugin-active@2026-07-17 (using-superpowers force-loaded)	Claude-lane-native superpowers plugin skill (v6.1.1); supported_lanes=claude only — codex/kimi/gemini fall back to the pattern-doc; not in .agents/skills/.
executing-plans	skill	invokable	~/.claude/plugins/cache/claude-plugins-official/superpowers/6.1.1/skills/executing-plans/SKILL.md	claude	read + execute a written implementation plan with review checkpoints	yes	none	plugin-active@2026-07-17 (using-superpowers force-loaded)	Claude-lane-native superpowers plugin skill (v6.1.1); supported_lanes=claude only — codex/kimi/gemini fall back to the pattern-doc; not in .agents/skills/.
systematic-debugging	skill	invokable	~/.claude/plugins/cache/claude-plugins-official/superpowers/6.1.1/skills/systematic-debugging/SKILL.md	claude	read + execute on any bug/test-failure/unexpected behavior, before proposing fixes	yes	none	plugin-active@2026-07-17 (using-superpowers force-loaded)	Claude-lane-native superpowers plugin skill (v6.1.1); supported_lanes=claude only — codex/kimi/gemini fall back to the pattern-doc; not in .agents/skills/.
test-driven-development	skill	invokable	~/.claude/plugins/cache/claude-plugins-official/superpowers/6.1.1/skills/test-driven-development/SKILL.md	claude	read + execute before writing implementation code for a feature/bugfix	yes	none	plugin-active@2026-07-17 (using-superpowers force-loaded)	Claude-lane-native superpowers plugin skill (v6.1.1); supported_lanes=claude only — codex/kimi/gemini fall back to the pattern-doc; not in .agents/skills/.
verification-before-completion	skill	invokable	~/.claude/plugins/cache/claude-plugins-official/superpowers/6.1.1/skills/verification-before-completion/SKILL.md	claude	read + execute before claiming work complete/fixed/passing — run verification and confirm	yes	none	plugin-active@2026-07-17 (using-superpowers force-loaded)	Claude-lane-native superpowers plugin skill (v6.1.1); supported_lanes=claude only — codex/kimi/gemini fall back to the pattern-doc; not in .agents/skills/.
requesting-code-review	skill	invokable	~/.claude/plugins/cache/claude-plugins-official/superpowers/6.1.1/skills/requesting-code-review/SKILL.md	claude	read + execute when completing tasks / before merge — verify work meets requirements	yes	none	plugin-active@2026-07-17 (using-superpowers force-loaded)	Claude-lane-native superpowers plugin skill (v6.1.1); supported_lanes=claude only — codex/kimi/gemini fall back to the pattern-doc; not in .agents/skills/.
receiving-code-review	skill	invokable	~/.claude/plugins/cache/claude-plugins-official/superpowers/6.1.1/skills/receiving-code-review/SKILL.md	claude	read + execute when receiving review feedback, before implementing suggestions	yes	none	plugin-active@2026-07-17 (using-superpowers force-loaded)	Claude-lane-native superpowers plugin skill (v6.1.1); supported_lanes=claude only — codex/kimi/gemini fall back to the pattern-doc; not in .agents/skills/.
using-git-worktrees	skill	invokable	~/.claude/plugins/cache/claude-plugins-official/superpowers/6.1.1/skills/using-git-worktrees/SKILL.md	claude	read + execute when starting isolated feature work / before executing a plan	yes	none	plugin-active@2026-07-17 (using-superpowers force-loaded)	Claude-lane-native superpowers plugin skill (v6.1.1); supported_lanes=claude only — codex/kimi/gemini fall back to the pattern-doc; not in .agents/skills/.
subagent-driven-development	skill	invokable	~/.claude/plugins/cache/claude-plugins-official/superpowers/6.1.1/skills/subagent-driven-development/SKILL.md	claude	read + execute when running a plan's independent tasks in the current session (intra-lane)	yes	none	plugin-active@2026-07-17 (using-superpowers force-loaded)	Claude-lane-native superpowers plugin skill (v6.1.1); supported_lanes=claude only — codex/kimi/gemini fall back to the pattern-doc; not in .agents/skills/.
dispatching-parallel-agents	skill	invokable	~/.claude/plugins/cache/claude-plugins-official/superpowers/6.1.1/skills/dispatching-parallel-agents/SKILL.md	claude	read + execute for 2+ independent tasks with no shared state (intra-lane fan-out)	yes	none	plugin-active@2026-07-17 (using-superpowers force-loaded)	Claude-lane-native superpowers plugin skill (v6.1.1); supported_lanes=claude only — codex/kimi/gemini fall back to the pattern-doc; not in .agents/skills/.
finishing-a-development-branch	skill	invokable	~/.claude/plugins/cache/claude-plugins-official/superpowers/6.1.1/skills/finishing-a-development-branch/SKILL.md	claude	read + execute when implementation is complete + tests pass, to integrate the work	yes	none	plugin-active@2026-07-17 (using-superpowers force-loaded)	Claude-lane-native superpowers plugin skill (v6.1.1); supported_lanes=claude only — codex/kimi/gemini fall back to the pattern-doc; not in .agents/skills/.
writing-skills	skill	invokable	~/.claude/plugins/cache/claude-plugins-official/superpowers/6.1.1/skills/writing-skills/SKILL.md	claude	read + execute when creating/editing/verifying a skill	yes	none	plugin-active@2026-07-17 (using-superpowers force-loaded)	Claude-lane-native superpowers plugin skill (v6.1.1); supported_lanes=claude only — codex/kimi/gemini fall back to the pattern-doc; not in .agents/skills/.
using-superpowers	skill	invokable	~/.claude/plugins/cache/claude-plugins-official/superpowers/6.1.1/skills/using-superpowers/SKILL.md	claude	read on session start — how to find and invoke skills	yes	none	plugin-active@2026-07-17 (using-superpowers force-loaded)	Claude-lane-native superpowers plugin skill (v6.1.1); supported_lanes=claude only — codex/kimi/gemini fall back to the pattern-doc; not in .agents/skills/.
github:github	skill	plugin-invokable	Codex GitHub plugin	codex	triage and orient repository PR and issue work	yes	subscription	codex-session-skill-inventory@2026-07-17	Enabled plugin surface; use the connected GitHub app.
github:gh-address-comments	skill	plugin-invokable	Codex GitHub plugin	codex	inspect review threads and implement selected fixes	yes	subscription	codex-session-skill-inventory@2026-07-17	Thread-state checks may use gh GraphQL per skill instructions.
github:gh-fix-ci	skill	plugin-invokable	Codex GitHub plugin	codex	diagnose GitHub Actions checks then implement an authorized fix	yes	subscription	codex-session-skill-inventory@2026-07-17	No mutation unless the task requests a fix.
github:yeet	skill	plugin-invokable	Codex GitHub plugin	codex	commit push and open a draft PR only when publishing is explicitly requested	yes	subscription	codex-session-skill-inventory@2026-07-17	External write and public_release gates apply.
accessible-media-authoring	skill	authored-pattern-doc	shared/skills/accessible-media-authoring.md	all	read-on-start methodology reference; never invoke as a tool	authored	none	file-frontmatter:status=authored	-
attack-coverage-map	skill	authored-pattern-doc	shared/skills/attack-coverage-map.md	all	read-on-start methodology reference; never invoke as a tool	authored	none	file-frontmatter:status=authored	-
audio-event-map-authoring	skill	authored-pattern-doc	shared/skills/audio-event-map-authoring.md	all	read-on-start methodology reference; never invoke as a tool	authored	none	file-frontmatter:status=authored	-
citation-audit	skill	authored-pattern-doc	shared/skills/citation-audit.md	all	read-on-start methodology reference; never invoke as a tool	authored	none	file-frontmatter:status=authored	Fused into the invokable rule8-truth-gate (.agents/skills/rule8-truth-gate/SKILL.md); retained as the source pattern-doc + (authored) card citation.
claim-verification	skill	authored-pattern-doc	shared/skills/claim-verification.md	all	read-on-start methodology reference; never invoke as a tool	authored	none	file-frontmatter:status=authored	Fused into the invokable rule8-truth-gate (.agents/skills/rule8-truth-gate/SKILL.md); retained as the source pattern-doc + (authored) card citation.
consent-and-likeness-check	skill	authored-pattern-doc	shared/skills/consent-and-likeness-check.md	all	read-on-start methodology reference; never invoke as a tool	authored	none	file-frontmatter:status=authored	Fused into the invokable rule6-rights-gate (.agents/skills/rule6-rights-gate/SKILL.md); retained as the source pattern-doc + (authored) card citation.
detection-as-code	skill	authored-pattern-doc	shared/skills/detection-as-code.md	all	read-on-start methodology reference; never invoke as a tool	authored	none	file-frontmatter:status=authored	-
detection-tuning	skill	authored-pattern-doc	shared/skills/detection-tuning.md	all	read-on-start methodology reference; never invoke as a tool	authored	none	file-frontmatter:status=authored	-
forensic-timeline-authoring	skill	authored-pattern-doc	shared/skills/forensic-timeline-authoring.md	all	read-on-start methodology reference; never invoke as a tool	authored	none	file-frontmatter:status=authored	-
incident-response-runbook	skill	authored-pattern-doc	shared/skills/incident-response-runbook.md	all	read-on-start methodology reference; never invoke as a tool	authored	none	file-frontmatter:status=authored	-
interactive-audio-design	skill	authored-pattern-doc	shared/skills/interactive-audio-design.md	all	read-on-start methodology reference; never invoke as a tool	authored	none	file-frontmatter:status=authored	-
keyword-clustering	skill	authored-pattern-doc	shared/skills/keyword-clustering.md	all	read-on-start methodology reference; never invoke as a tool	authored	none	file-frontmatter:status=authored	-
level-design-patterns	skill	authored-pattern-doc	shared/skills/level-design-patterns.md	all	read-on-start methodology reference; never invoke as a tool	authored	none	file-frontmatter:status=authored	-
locale-adaptation	skill	authored-pattern-doc	shared/skills/locale-adaptation.md	all	read-on-start methodology reference; never invoke as a tool	authored	none	file-frontmatter:status=authored	-
narrative-structure	skill	authored-pattern-doc	shared/skills/narrative-structure.md	all	read-on-start methodology reference; never invoke as a tool	authored	none	file-frontmatter:status=authored	-
regional-compliance-check	skill	authored-pattern-doc	shared/skills/regional-compliance-check.md	all	read-on-start methodology reference; never invoke as a tool	authored	none	file-frontmatter:status=authored	-
rights-and-provenance-gate	skill	authored-pattern-doc	shared/skills/rights-and-provenance-gate.md	all	read-on-start methodology reference; never invoke as a tool	authored	none	file-frontmatter:status=authored	Fused into the invokable rule6-rights-gate (.agents/skills/rule6-rights-gate/SKILL.md); retained as the source pattern-doc + (authored) card citation.
structured-data-authoring	skill	authored-pattern-doc	shared/skills/structured-data-authoring.md	all	read-on-start methodology reference; never invoke as a tool	authored	none	file-frontmatter:status=authored	-
technical-seo-audit	skill	authored-pattern-doc	shared/skills/technical-seo-audit.md	all	read-on-start methodology reference; never invoke as a tool	authored	none	file-frontmatter:status=authored	-
terminology-memory	skill	authored-pattern-doc	shared/skills/terminology-memory.md	all	read-on-start methodology reference; never invoke as a tool	authored	none	file-frontmatter:status=authored	-
wcag-conformance-audit	skill	authored-pattern-doc	shared/skills/wcag-conformance-audit.md	all	read-on-start methodology reference; never invoke as a tool	authored	none	file-frontmatter:status=authored	-
audit-context-prep	skill	pattern-doc-stub	shared/skills/audit-context-prep.md	all	not eligible for protocol dependency until authored	stub	none	file-frontmatter:status=stub	Read-only reference draft; validator must not treat as invokable.
behavior-preservation-test	skill	pattern-doc-stub	shared/skills/behavior-preservation-test.md	all	not eligible for protocol dependency until authored	stub	none	file-frontmatter:status=stub	Read-only reference draft; validator must not treat as invokable.
cross-arch-test-discipline	skill	pattern-doc-stub	shared/skills/cross-arch-test-discipline.md	all	not eligible for protocol dependency until authored	stub	none	file-frontmatter:status=stub	Read-only reference draft; validator must not treat as invokable.
data-cleaning-pipeline	skill	pattern-doc-stub	shared/skills/data-cleaning-pipeline.md	all	not eligible for protocol dependency until authored	stub	none	file-frontmatter:status=stub	Read-only reference draft; validator must not treat as invokable.
data-flow-trace	skill	authored-pattern-doc	shared/skills/data-flow-trace.md	all	read-on-start methodology reference; never invoke as a tool	authored	none	file-frontmatter:status=authored	-
dependency-cycle-audit	skill	pattern-doc-stub	shared/skills/dependency-cycle-audit.md	all	not eligible for protocol dependency until authored	stub	none	file-frontmatter:status=stub	Read-only reference draft; validator must not treat as invokable.
eval-harness-pattern	skill	pattern-doc-stub	shared/skills/eval-harness-pattern.md	all	not eligible for protocol dependency until authored	stub	none	file-frontmatter:status=stub	Read-only reference draft; validator must not treat as invokable.
evidence-chain-preservation	skill	pattern-doc-stub	shared/skills/evidence-chain-preservation.md	all	not eligible for protocol dependency until authored	stub	none	file-frontmatter:status=stub	Read-only reference draft; validator must not treat as invokable.
gas-optimization-pattern	skill	pattern-doc-stub	shared/skills/gas-optimization-pattern.md	all	not eligible for protocol dependency until authored	stub	none	file-frontmatter:status=stub	Read-only reference draft; validator must not treat as invokable.
mcp-reachability-audit	skill	pattern-doc-stub	shared/skills/mcp-reachability-audit.md	all	not eligible for protocol dependency until authored	stub	none	file-frontmatter:status=stub	Read-only reference draft; validator must not treat as invokable.
program-rubric-lookup	skill	authored-pattern-doc	shared/skills/program-rubric-lookup.md	all	read-on-start methodology reference; never invoke as a tool	authored	none	file-frontmatter:status=authored	-
threat-model-loop	skill	authored-pattern-doc	shared/skills/threat-model-loop.md	all	read-on-start methodology reference; never invoke as a tool	authored	none	file-frontmatter:status=authored	-
prompt-cache-discipline	skill	pattern-doc-stub	shared/skills/prompt-cache-discipline.md	all	not eligible for protocol dependency until authored	stub	none	file-frontmatter:status=stub	Read-only reference draft; validator must not treat as invokable.
prompt-cache-hit-monitoring	skill	pattern-doc-stub	shared/skills/prompt-cache-hit-monitoring.md	all	not eligible for protocol dependency until authored	stub	none	file-frontmatter:status=stub	Read-only reference draft; validator must not treat as invokable.
rate-limit-respect	skill	pattern-doc-stub	shared/skills/rate-limit-respect.md	all	not eligible for protocol dependency until authored	stub	none	file-frontmatter:status=stub	Read-only reference draft; validator must not treat as invokable.
refactor-scope-bounding	skill	pattern-doc-stub	shared/skills/refactor-scope-bounding.md	all	not eligible for protocol dependency until authored	stub	none	file-frontmatter:status=stub	Read-only reference draft; validator must not treat as invokable.
regression-bisect-flow	skill	pattern-doc-stub	shared/skills/regression-bisect-flow.md	all	not eligible for protocol dependency until authored	stub	none	file-frontmatter:status=stub	Read-only reference draft; validator must not treat as invokable.
representative-workload-design	skill	pattern-doc-stub	shared/skills/representative-workload-design.md	all	not eligible for protocol dependency until authored	stub	none	file-frontmatter:status=stub	Read-only reference draft; validator must not treat as invokable.
requirements-elicitation	skill	pattern-doc-stub	shared/skills/requirements-elicitation.md	all	not eligible for protocol dependency until authored	stub	none	file-frontmatter:status=stub	Read-only reference draft; validator must not treat as invokable.
rollback-test-coverage	skill	pattern-doc-stub	shared/skills/rollback-test-coverage.md	all	not eligible for protocol dependency until authored	stub	none	file-frontmatter:status=stub	Read-only reference draft; validator must not treat as invokable.
sandbox-provision-discipline	skill	pattern-doc-stub	shared/skills/sandbox-provision-discipline.md	all	not eligible for protocol dependency until authored	stub	none	file-frontmatter:status=stub	Read-only reference draft; validator must not treat as invokable.
schema-inference	skill	pattern-doc-stub	shared/skills/schema-inference.md	all	not eligible for protocol dependency until authored	stub	none	file-frontmatter:status=stub	Read-only reference draft; validator must not treat as invokable.
scope-decomposition	skill	pattern-doc-stub	shared/skills/scope-decomposition.md	all	not eligible for protocol dependency until authored	stub	none	file-frontmatter:status=stub	Read-only reference draft; validator must not treat as invokable.
secret-rotation-discipline	skill	pattern-doc-stub	shared/skills/secret-rotation-discipline.md	all	not eligible for protocol dependency until authored	stub	none	file-frontmatter:status=stub	Read-only reference draft; validator must not treat as invokable.
simd-correctness-validation	skill	pattern-doc-stub	shared/skills/simd-correctness-validation.md	all	not eligible for protocol dependency until authored	stub	none	file-frontmatter:status=stub	Read-only reference draft; validator must not treat as invokable.
tos-compliance-check	skill	pattern-doc-stub	shared/skills/tos-compliance-check.md	all	not eligible for protocol dependency until authored	stub	none	file-frontmatter:status=stub	Read-only reference draft; validator must not treat as invokable.
visual-regression-baseline	skill	authored-pattern-doc	shared/skills/visual-regression-baseline.md	all	read-on-start methodology reference; never invoke as a tool	authored	none	file-frontmatter:status=authored	Promoted to the invokable skill at .agents/skills/visual-regression-baseline/SKILL.md; this pattern-doc row retained for existing (authored) card citations.
voice-consistency-audit	skill	pattern-doc-stub	shared/skills/voice-consistency-audit.md	all	not eligible for protocol dependency until authored	stub	none	file-frontmatter:status=stub	Read-only reference draft; validator must not treat as invokable.
chain-impact-rescore	skill	pattern-doc-untyped	shared/skills/chain-impact-rescore.md	all	not eligible until status frontmatter is added and reviewed	untyped	none	file-frontmatter:status-missing	Existing file, but source type is not machine-declared.
cosmos-sdk-audit-checklist	skill	pattern-doc-untyped	shared/skills/cosmos-sdk-audit-checklist.md	all	not eligible until status frontmatter is added and reviewed	untyped	none	file-frontmatter:status-missing	Existing file, but source type is not machine-declared.
cross-chain-bridge-audit	skill	pattern-doc-untyped	shared/skills/cross-chain-bridge-audit.md	all	not eligible until status frontmatter is added and reviewed	untyped	none	file-frontmatter:status-missing	Existing file, but source type is not machine-declared.
known-advisory-backport-check	skill	pattern-doc-untyped	shared/skills/known-advisory-backport-check.md	all	not eligible until status frontmatter is added and reviewed	untyped	none	file-frontmatter:status-missing	Existing file, but source type is not machine-declared.
solana-anchor-audit-checklist	skill	pattern-doc-untyped	shared/skills/solana-anchor-audit-checklist.md	all	not eligible until status frontmatter is added and reviewed	untyped	none	file-frontmatter:status-missing	Existing file, but source type is not machine-declared.
_cached-claude-plugin-skills	skill	cached-provider	~/.claude/plugins/cache/**/skills/**/SKILL.md	claude	provider-plugin runtime only; exact package/version/skill ID must resolve before optional use	inventory-drift	none	session-find@2026-07-17=538-raw;496-non-temp;379-unique-content;315-distinct-directory-names;api-catalog:1350=477-historical	Aggregate only by task instruction. Cache counts are method-sensitive and never prove cross-lane availability.
claude --mcp-config	tool	native-cli	claude CLI	claude	scope MCP configs per launch	yes	subscription	api-catalog:52	-
claude --strict-mcp-config	tool	native-cli	claude CLI	claude	ignore undeclared MCP configs	yes	subscription	api-catalog:61	-
claude --worktree	tool	native-cli	claude CLI	claude	create an isolated native worktree	yes	subscription	departments/sysmgmt/outbox/TASK-2026-07-17-0300-probeclaude-response.md	Verified native runner control.
claude --allowedTools	tool	native-cli	claude CLI	claude	restrict tools for a step	yes	subscription	api-catalog:115	-
claude --agents	tool	native-cli	claude CLI	claude	define inline subagents	yes	subscription	api-catalog:124	Mechanism only; panel contracts still apply.
claude --bare	tool	native-cli	claude CLI	claude	run reproducibility baseline without hooks/plugins/autodiscovery	yes	subscription	api-catalog:133	-
claude --json-schema	tool	native-cli	claude CLI	claude	constrain headless result to a JSON schema	yes	subscription	departments/sysmgmt/outbox/TASK-2026-07-17-0300-probeclaude-response.md	Verified native runner control.
claude hooks	tool	native-cli-config	Claude Code settings	claude	configure PreToolUse/PostToolUse enforcement only in a separate reviewed task	partial	subscription	_state/discovery-2026-07-17/higgs-claude-deep.md:100,138-143	Surface verified; zero hooks configured, so enforcement is not live.
claude --max-budget-usd	tool	native-cli	claude CLI	claude	bound an approved headless metered run	partial	subscription	_state/discovery-2026-07-17/higgs-claude-deep.md:102,138-143	Flag surface verified but no end-to-end ceiling firing was tested.
claude native vision	tool	session-tool	Claude session	claude	inspect images for visual evidence within privacy and rights scope	yes	subscription	_state/discovery-2026-07-17/higgs-claude-deep.md:104-110	Live session-native vision used; not a substitute for accessibility or provenance review.
claude --from-pr	tool	native-cli	claude CLI	claude	seed independent review from a PR	yes	subscription	departments/sysmgmt/outbox/TASK-2026-07-17-0300-probeclaude-response.md	Verified native runner control; independent-review policy still applies.
claude --chrome	tool	native-cli	claude CLI	claude	toggle Claude-in-Chrome bridge	yes	subscription	api-catalog:169	Does not prove browser automation or computer use.
claude ultrareview	tool	native-cli-subcommand	claude CLI	claude	cloud-hosted multi-agent review	needs-research	subscription	api-catalog:178;research-backlog	Subcommand existence verified; runtime behavior remains unprobed.
claude mcp/plugin/agents	tool	native-cli-subcommand	claude CLI	claude	manage MCPs plugins and agents for self-extension	yes	subscription	api-catalog:187	-
Claude Design	tool	provider-web-surface	claude.ai/design	claude	optional design concept generation	yes	subscription	api-catalog:196	Web surface, not a headless API.
computer-use	tool	session-connector	Chrono controller session	chrono	read-only inspection until the exact action surface is harmlessly smoked	partial	subscription	_state/execution-2026-07-17/INVENTORY.md:C5,D	Controller-session availability confirmed; action coverage and squad-lane access remain unverified, and every external mutation remains separately gated.
codex --search	tool	native-cli	codex CLI	codex	enable native Responses web_search	yes	subscription	departments/coding/outbox/TASK-2026-07-17-0305-probecodex-response.md	Live official-source search verified with codex --search.
codex review	tool	native-cli-subcommand	codex CLI	codex	run non-interactive code review	yes	subscription	departments/coding/outbox/TASK-2026-07-17-0305-probecodex-response.md	Verified; --commit plus a custom prompt is rejected by the current parser; mechanics overlay only.
codex mcp/mcp-server	tool	native-cli-subcommand	codex CLI	codex	manage MCPs or expose Codex as an MCP server	yes	subscription	api-catalog:310	-
codex plugin	tool	native-cli-subcommand	codex CLI	codex	manage Codex plugins	yes	subscription	api-catalog:319	-
codex resume/fork	tool	native-cli-subcommand	codex CLI	codex	resume or fork long-running sessions	yes	subscription	api-catalog:328	Must preserve attempt-ledger fencing.
codex --sandbox	tool	native-cli	codex CLI	codex	select read-only workspace-write or danger-full-access runner policy	yes	subscription	departments/coding/outbox/TASK-2026-07-17-0305-probecodex-response.md	Verified runner control; mode selection does not waive task scope or approval gates and is not malware-grade containment proof.
codex sandbox	tool	native-cli-subcommand	codex CLI	codex	run a command through a named Codex permissions profile	partial	subscription	departments/coding/outbox/TASK-2026-07-17-0305-probecodex-response.md	Wrapper exists but needs a configured permissions profile; no enforcement claim yet.
codex --oss/--local-provider	tool	native-cli	codex CLI	codex	route optional local-model experiment	yes	subscription	api-catalog:346	Does not prove a suitable local model is installed.
codex cloud	tool	native-cli-subcommand	codex CLI	codex	experimental asynchronous cloud task	needs-research	subscription	api-catalog:355	Command exists; operator-tier access unverified.
Codex Cloud Agents	tool	provider-web-surface	OpenAI Codex web	codex	asynchronous coding agents	needs-research	subscription	api-catalog:365	-
Codex computer use	tool	provider-api	OpenAI API	codex	computer interaction after access-path verification	needs-research	metered	api-catalog:374	-
gemini --model	tool	native-cli	gemini CLI	gemini	select model including thinking-capable preview	yes	subscription	api-catalog:389	-
gemini --thinking	tool	native-cli	gemini CLI	gemini	do not invoke; flag does not exist	no	subscription	api-catalog:398	Thinking is model-level pending further research.
gemini --worktree	tool	native-cli	gemini CLI	gemini	create isolated worktree	yes	subscription	api-catalog:426	-
gemini --allowed-mcp-server-names	tool	native-cli	gemini CLI	gemini	restrict MCP servers for a step	yes	subscription	api-catalog:462	Catalog note claiming zero MCPs is stale versus later per-pane matrix.
gemini --policy/--admin-policy	tool	native-cli	gemini CLI	gemini	inject governance policy files	yes	subscription	api-catalog:480	-
gemini --acp	tool	native-cli	gemini CLI	gemini	run ACP bridge experiments	yes	subscription	api-catalog:489	End-to-end squad semantics unverified.
gemini --output-format	tool	native-cli	gemini CLI	gemini	emit text JSON or stream JSON	yes	subscription	api-catalog:498	-
gemini mcp	tool	native-cli-subcommand	gemini CLI	gemini	manage MCP registrations	yes	subscription	api-catalog:507	-
gemini extensions	tool	native-cli-subcommand	gemini CLI	gemini	manage extensions	yes	subscription	api-catalog:516	-
gemini skills	tool	native-cli-subcommand	gemini CLI	gemini	manage agent skills	yes	subscription	api-catalog:525	-
gemini hooks	tool	native-cli-subcommand	gemini CLI	gemini	manage hooks	yes	subscription	api-catalog:534	Hook event semantics are not cataloged.
gemini gemma	tool	native-cli-subcommand	gemini CLI	gemini	manage local Gemma routing	yes	subscription	api-catalog:543	Does not prove a local model is installed.
Nano Banana	tool	provider-api-or-web	Google ecosystem	gemini	image generation only after access-path verification	needs-research	metered	api-catalog:552	-
Veo 3	tool	provider-api-or-web	Google ecosystem	gemini	video generation only after access-path verification	needs-research	metered	api-catalog:561	-
Imagen	tool	provider-api-or-web	Google ecosystem	gemini	image generation only after access-path verification	needs-research	metered	api-catalog:570	-
Google Search grounding	tool	provider-native	Gemini model	gemini	grounded research with returned citations	yes	subscription	_state/discovery-gemini-2026-07-17/gemini-deep.md:12-30	Live grounded query returned structured inline citations and grounding redirect links; first-class truth path, still validate claim-to-source support.
Stitch	tool	gemini-extension	~/.gemini/extensions/Stitch	gemini	list/read design resources before any external write	partial	subscription	_state/discovery-gemini-2026-07-17/gemini-deep.md:143-148	Extension v0.1.4 installed and mcp_stitch schema surfaced; backend invocation, entitlement, write behavior, and specialized endpoint cost remain unverified.
conductor	tool	gemini-extension	Gemini installed extension	gemini	spec-driven planning only; do not treat as a swarm or subagent dispatcher	partial	subscription	_state/execution-2026-07-17/INVENTORY.md:C3,D	Installed/schema-observed; execution not harmlessly smoked.
nanobanana	tool	gemini-extension	Gemini installed extension	gemini	image generation or manipulation only after paid_media approval	partial	metered	_state/execution-2026-07-17/INVENTORY.md:C3,D	Installed/schema-observed and keyed through GEMINI_API_KEY; overlaps chrono-media-studio Gemini image generation, so prefer the governed wrapper unless extension-specific manipulation is required; paid_media and budget gate.
Jules	tool	provider-web-surface	Google ecosystem	gemini	coding agent after programmatic-access verification	needs-research	subscription	api-catalog:588	-
Flow	tool	provider-web-surface	Google ecosystem	gemini	video workflow after access-path verification	needs-research	metered	api-catalog:597	-
NotebookLM	tool	provider-web-surface	Google ecosystem	gemini	source-grounded research after programmatic-access verification	needs-research	subscription	api-catalog:606	-
Antigravity	tool	provider-web-surface	Google ecosystem	gemini	IDE-agent work after integration verification	needs-research	subscription	api-catalog:615	-
kimi --thinking/--no-thinking	tool	native-cli	kimi CLI	kimi	toggle thinking for permitted throughput work	yes	subscription	api-catalog:648	Routing remains throughput-only.
kimi --mcp-config-file	tool	native-cli	kimi CLI	kimi	scope MCP configuration by file	yes	subscription	api-catalog:702	-
kimi --mcp-config	tool	native-cli	kimi CLI	kimi	scope MCP configuration by JSON	yes	subscription	api-catalog:711	-
kimi --skills-dir	tool	native-cli	kimi CLI	kimi	override skill discovery roots	yes	subscription	api-catalog:720	-
kimi --agent-file	tool	native-cli	kimi CLI	kimi	load custom agent spec	yes	subscription	api-catalog:738	-
kimi --max-steps-per-turn	tool	native-cli	kimi CLI	kimi	bound tool steps per turn	yes	subscription	api-catalog:747	-
kimi --max-retries-per-step	tool	native-cli	kimi CLI	kimi	bound step retries	yes	subscription	api-catalog:756	-
kimi --max-ralph-iterations	tool	native-cli	kimi CLI	kimi	bound iterative loop	yes	subscription	api-catalog:765	Protocols should prohibit unlimited -1.
kimi --plan	tool	native-cli	kimi CLI	kimi	start in plan mode	yes	subscription	api-catalog:783	-
kimi --input-format/--output-format	tool	native-cli	kimi CLI	kimi	emit typed stream JSON	yes	subscription	api-catalog:792	-
Kimi 300 parallel agents	tool	provider-native-claim	Moonshot runtime	kimi	do not invoke until mechanism verified	needs-research	subscription	api-catalog:801	-
Kimi 4000 tool steps	tool	provider-native-claim	Moonshot runtime	kimi	do not invoke until mechanism verified	needs-research	subscription	api-catalog:810	-
MoonViT vision	tool	provider-api	Moonshot	kimi	vision after CLI/API path verification	needs-research	metered	api-catalog:819	-
xAI API	tool	direct-api	https://api.x.ai/v1/chat/completions	codex	opt-in direct text chat and reasoning	yes	metered	departments/coding/outbox/TASK-2026-07-17-0310-probemetered-response.md	Verified only for text chat and reasoning telemetry; vision is partial and num_sources=0 does not verify grounding. default=false; per-task Chrono opt-in; provider endpoint model allowlist; call total-token reasoning-token output-token and cost ceilings; no blind retry loop or fallback; 401/403 needs_tool:auth, 402 needs_tool:budget, 429 needs_tool:rate_limited.
Grok-4-fast	tool	direct-api-model	xAI	direct-api	long-context model after exact-model verification	needs-research	metered	departments/coding/outbox/TASK-2026-07-17-0310-probemetered-response.md	Requested alias returned grok-4.3; do not infer exact-model pinning or vision.
Grok-X integration	tool	direct-api-tooling	xAI	direct-api	wider X/search integration after verification	needs-research	metered	api-catalog:841	-
DeepSeek API	tool	direct-api	https://api.deepseek.com/chat/completions	codex	opt-in bounded direct completion using canonical deepseek-v4-flash	yes	metered	_state/discovery-2026-07-17/tierA-probe.md:92-167	Canonical model deepseek-v4-flash; deepseek-chat alias retirement reported for 2026-07-24. Default=false; per-task approval; token and cost ceilings; typed 401/402/429 failure states.
DeepSeek context caching	tool	direct-api-feature	https://api.deepseek.com/chat/completions	codex	exact-prefix cache-aware eval using deepseek-v4-flash	yes	metered	_state/discovery-2026-07-17/tierA-probe.md:92-167	Automatic best-effort cache verified: second identical request returned 896 hit and 24 miss tokens; stable prefix first and variable suffix last; cost-reducer, not free.
OpenAI API	tool	direct-api	OpenAI	direct-api	provider behind approved metered routes only	catalog-absent	metered	shared/api-catalog.md:no-raw-entry	Do not infer availability from Codex subscription auth.
Gemini API	tool	direct-api	Google	direct-api	provider behind approved metered routes only	catalog-absent	metered	shared/api-catalog.md:no-raw-entry	Do not infer availability from Gemini CLI OAuth.
Perplexity API	tool	direct-api	Perplexity	claude|codex	invoke only through verified sibling MCP path	lane-live	metered	api-catalog:935	Not registered on Gemini; Kimi requires re-smoke.
Perplexity Sonar structured+recency	tool	direct-api-feature	Perplexity Sonar API	codex	direct API only after structured-output wrapper and post-validation	partial	metered	_state/discovery-2026-07-17/tierA-probe.md:171-250	JSON Schema and day recency transport verified at $0.00509, but selected claim was outside the window and unsupported; truth_gate=claim_to_citation,date_window; current MCP exposes recency only.
ElevenLabs API	tool	direct-api	ElevenLabs	claude	invoke through Claude child MCP	lane-live	metered	api-catalog:867	Not exposed through current Gemini wrapper.
Higgsfield raw generation	tool	direct-mcp-child	Higgsfield child MCP	none	do not invoke raw generate_image/generate_video/generate_audio; use chrono-media-studio wrappers	no	metered	_state/discovery-2026-07-17/higgs-claude-deep.md:9-20,31	Generation remains wrapper-only for provenance and honest routing.
Higgsfield non-generation surface	tool	direct-mcp-child	Higgsfield child MCP	claude	schema/list/read only until the exact tool and lane host are verified	partial	metered	_state/discovery-2026-07-17/higgs-claude-deep.md:12-20,32-81	Free list/show/status/models/balance reads are allowed after host smoke; any edit/create requires paid_media and get_cost:true; billing mutations prohibited without a separate operator task.
higgsfield__generate_image	tool	direct-mcp-child	Claude Higgsfield child MCP	none	do not invoke; use generate_image wrapper	no	metered	_state/discovery-2026-07-17/higgs-claude-deep.md:9-20,31	Raw generation remains wrapper-only.
higgsfield__generate_video	tool	direct-mcp-child	Claude Higgsfield child MCP	none	do not invoke; use generate_video wrapper	no	metered	_state/discovery-2026-07-17/higgs-claude-deep.md:9-20,31	Raw generation remains wrapper-only.
higgsfield__generate_audio	tool	direct-mcp-child	Claude Higgsfield child MCP	none	do not invoke; use generate_audio wrapper	no	metered	_state/discovery-2026-07-17/higgs-claude-deep.md:9-20,31	Raw generation remains wrapper-only.
higgsfield__models_explore	tool	direct-mcp-child	Claude Higgsfield child MCP	claude	schema/list model capabilities without generating media	partial	—	_state/discovery-2026-07-17/higgs-claude-deep.md:12-20,44-63	Schema observed and documented as free; harmless live invocation remains unverified.
higgsfield__generate_3d	tool	direct-mcp-child	Claude Higgsfield child MCP	claude	3D generation only after paid_media and get_cost:true	partial	metered	_state/discovery-2026-07-17/higgs-claude-deep.md:32	Schema observed; execution unverified.
higgsfield__motion_control	tool	direct-mcp-child	Claude Higgsfield child MCP	claude	motion transfer only after paid_media and get_cost:true	partial	metered	_state/discovery-2026-07-17/higgs-claude-deep.md:39	Schema observed; execution unverified.
higgsfield__upscale_image	tool	direct-mcp-child	Claude Higgsfield child MCP	claude	image upscale only after paid_media and get_cost:true	partial	metered	_state/discovery-2026-07-17/higgs-claude-deep.md:37	Schema observed; execution unverified.
higgsfield__upscale_video	tool	direct-mcp-child	Claude Higgsfield child MCP	claude	video upscale only after paid_media and get_cost:true	partial	metered	_state/discovery-2026-07-17/higgs-claude-deep.md:38	Schema observed; execution unverified.
higgsfield__outpaint_image	tool	direct-mcp-child	Claude Higgsfield child MCP	claude	outpaint only after paid_media and get_cost:true	partial	metered	_state/discovery-2026-07-17/higgs-claude-deep.md:40	Schema observed; execution unverified.
higgsfield__reframe	tool	direct-mcp-child	Claude Higgsfield child MCP	claude	reframe only after paid_media and get_cost:true	partial	metered	_state/discovery-2026-07-17/higgs-claude-deep.md:41	Schema observed; execution unverified.
higgsfield__remove_background	tool	direct-mcp-child	Claude Higgsfield child MCP	claude	background removal only after paid_media and get_cost:true	partial	metered	_state/discovery-2026-07-17/higgs-claude-deep.md:42	Schema observed; execution unverified.
higgsfield__virality_predictor	tool	direct-mcp-child	Claude Higgsfield child MCP	claude	preview freely; create only after paid_media and get_cost:true	partial	metered	_state/discovery-2026-07-17/higgs-claude-deep.md:64	Schema observed; preview/create execution unverified.
DigitalOcean API	tool	direct-api	https://api.digitalocean.com/v2	none	do not invoke until credential rotation	no	unknown	_state/discovery-2026-07-17/newkeys-probe.md:244,255-257	HTTP 401 auth_failed; dropped as a deploy path; production mutations remain separately gated after any future rotation.
Twitter API v2	tool	direct-api	https://api.x.com/2	none	do not invoke until credential rotation	no	unknown	_state/discovery-2026-07-17/newkeys-probe.md:245,259-261	HTTP 401 auth_failed; retain verified xai_search route for X-aware search.
Vercel	tool	local-cli	/opt/homebrew/bin/vercel	local	inventory and auth check only until operator login and preview-to-rollback rehearsal	partial	subscription	_state/audit-2026-07-17/deploy-rec/recommendation.md	CLI 52.0.0 installed; vercel whoami unauthenticated. Account plan and hosting usage may meter; credential_change, public_release, and production_mutation gates apply.
chrono-vault	tool	mcp	plugins/chrono-vault	all	durable private-memory record/recall	yes	subscription	api-catalog:895	-
chrono-kg	tool	retired-mcp	retired	none	do not invoke	no	subscription	CLAUDE.md:21	Retired durable-store role; chrono-vault record/recall replaces it (kg namespace may still respond, do not invoke).
chrono-obsidian	tool	mcp	plugins/chrono-vault namespace=obsidian	all	Obsidian REST bridge	yes	subscription	api-catalog:919	-
chrono-catalog	tool	retired-mcp	retired	none	do not invoke	no	subscription	api-catalog:931	Removed because namespace was never implemented.
chrono-research-arsenal	tool	mcp-family	plugins/chrono-research-arsenal	all	resolve exact lane tool before research	lane-live	subscription	api-catalog:935	Wrapper tools include arxiv_search, xai_search, and credential-gated Firecrawl v2 operations.
arxiv_search	tool	mcp-tool	chrono-research-arsenal	all	search papers with returned metadata	yes	subscription	api-catalog:935	Kimi should re-smoke before high-stakes reliance.
xai_search	tool	mcp-tool	chrono-research-arsenal	all	real-time web/X search via xAI Responses API	lane-live	metered	api-catalog:935	Verified Claude and Gemini; Codex registered; Kimi re-smoke.
firecrawl_scrape	tool	mcp-tool	chrono-research-arsenal	all	scrape one authorized public URL after key and spend check	lane-live	metered	api-catalog:935	MCP tools/list verified; live provider call requires off-repo FIRECRAWL_API_KEY.
firecrawl_crawl	tool	mcp-tool	chrono-research-arsenal	all	start a bounded authorized crawl after key and spend check	lane-live	metered	api-catalog:935	MCP tools/list verified; capped at 100 pages/depth 10, external links disabled, zero data retention requested.
firecrawl_parse	tool	mcp-tool	chrono-research-arsenal	all	parse explicit caller-supplied document bytes after key and data approval	lane-live	metered	api-catalog:935	No filesystem path input; 10 MiB cap and supported extensions only; zero data retention requested.
perplexity_search_web	tool	mcp-tool	perplexity sibling MCP	claude|codex	general cited web research	lane-live	metered	api-catalog:935	Absent on Gemini; Kimi exact availability not proven.
chrono-media-studio	tool	mcp-family	plugins/chrono-media-studio	all	resolve one of the three wrapper tools	lane-live	metered	api-catalog:947	Codex/Kimi should verify tools/list before exact use.
generate_image	tool	mcp-tool	chrono-media-studio wrapper	all	generate image and record provider/model provenance	lane-live	metered	api-catalog:947	Wrapper is honest route; raw Higgsfield excluded.
generate_video	tool	mcp-tool	chrono-media-studio wrapper	all	generate video and record provider/model provenance	lane-live	metered	api-catalog:947	Wrapper is honest route; raw Higgsfield excluded.
generate_audio	tool	mcp-tool	chrono-media-studio wrapper	all	generate audio and record provider/model provenance	lane-live	metered	api-catalog:947	ElevenLabs child remains Claude-only.
chrono-recon	tool	mcp-family	plugins/chrono-recon	all	passive recon only	yes	subscription	api-catalog:959	-
dns_enumerate_tool	tool	mcp-tool	chrono-recon	all	passive scoped recon	yes	subscription	api-catalog:959	-
whois_lookup_tool	tool	mcp-tool	chrono-recon	all	passive scoped recon	yes	subscription	api-catalog:959	-
crt_sh_certificates_tool	tool	mcp-tool	chrono-recon	all	passive scoped recon	yes	subscription	api-catalog:959	-
wayback_snapshots_tool	tool	mcp-tool	chrono-recon	all	passive scoped recon	yes	subscription	api-catalog:959	-
github_leaked_secrets_tool	tool	mcp-tool	chrono-recon	all	passive scoped recon	yes	subscription	api-catalog:959	Requires valid GH_TOKEN on executing lane.
sequential-thinking	tool	mcp-tool	sequential-thinking MCP	all	optional complex design/diagnosis reasoning	yes	subscription	api-catalog:972	-
context7	tool	mcp	Claude plugin	claude	resolve current library docs	lane-live	subscription	api-catalog:990	-
firecrawl	tool	plugin-skill-family	Claude plugin	claude	scrape/crawl/map/parse after key check	lane-live	metered	api-catalog:999	Plugin enabled; live calls require Firecrawl API key.
plugin:github:github	tool	mcp	Claude plugin	claude	repository and PR reads; mutations remain action-gated	lane-live	subscription	departments/sysmgmt/outbox/TASK-2026-07-17-0300-probeclaude-response.md	Authenticated repository reads verified on Claude; no mutation permission is inferred.
plugin:goodmem:goodmem	tool	mcp	Claude plugin	none	do not invoke	no	subscription	api-catalog:1047	-
plugin:greptile:greptile	tool	mcp	Claude plugin	none	do not invoke	no	subscription	api-catalog:1058	-
Gmail	tool	connector	Claude connected app	claude	read/triage/draft only after active-pane verification	partial	subscription	api-catalog:1012	Send requires per-message approval.
Google Calendar	tool	connector	Chrono controller connector	chrono	read/list calendar data; writes remain separately operator-gated	yes	subscription	_state/execution-2026-07-17/INVENTORY.md:C5,D	OAuth connector smoke-confirmed in the controller session; squad-lane access and calendar writes still require verification.
Google Drive	tool	connector	Chrono controller connector	chrono	read/list operator-authorized Drive resources; writes remain separately operator-gated	yes	subscription	_state/execution-2026-07-17/INVENTORY.md:C5,D	OAuth connector smoke-confirmed in the controller session; squad-lane access and write coverage still require verification.
outreach bridge	tool	local-connector	private/local package	local	dry-run only	partial	subscription	api-catalog:1026	No live sends.
local summary notifications	tool	local-tool	local Markdown/status	local	produce local morning/weekly summaries	partial	subscription	api-catalog:1034	External sinks not live.
forge	tool	local-cli	local PATH/Bash	local	Foundry build/test and PoC	yes	—	api-catalog:1075	-
cast	tool	local-cli	local PATH/Bash	local	read chain state and encode calldata	yes	—	api-catalog:1084	-
anvil	tool	local-cli	local PATH/Bash	local	local/forked EVM	yes	—	api-catalog:1093	-
chisel	tool	local-cli	local PATH/Bash	local	Solidity REPL	yes	—	api-catalog:1102	-
slither	tool	local-cli	local PATH/Bash	local	Solidity static analysis	yes	—	api-catalog:1111	-
myth	tool	local-cli	local PATH/Bash	local	EVM symbolic execution	yes	—	api-catalog:1120	-
echidna	tool	local-cli	local PATH/Bash	local	contract property fuzzing	yes	—	api-catalog:1129	-
medusa	tool	local-cli	local PATH/Bash	local	coverage-guided contract fuzzing	yes	—	api-catalog:1138	-
halmos	tool	local-cli	local PATH/Bash	local	symbolic Foundry testing	yes	—	api-catalog:1147	-
aderyn	tool	local-cli	local PATH/Bash	local	fast Solidity static analysis	yes	—	api-catalog:1156	-
nuclei	tool	local-cli	local PATH/Bash	local	scoped template scan	yes	—	api-catalog:1167	-
subfinder	tool	local-cli	local PATH/Bash	local	passive subdomain enumeration	yes	—	api-catalog:1176	-
httpx	tool	local-cli	local PATH/Bash	local	probe live scoped hosts	yes	—	api-catalog:1185	-
katana	tool	local-cli	local PATH/Bash	local	crawl scoped web app	yes	—	api-catalog:1194	-
naabu	tool	local-cli	local PATH/Bash	local	scoped port scan	yes	—	api-catalog:1203	-
dnsx	tool	local-cli	local PATH/Bash	local	DNS validation	yes	—	api-catalog:1212	-
amass	tool	local-cli	local PATH/Bash	local	OSINT attack-surface mapping	yes	—	api-catalog:1221	-
gau	tool	local-cli	local PATH/Bash	local	historical URL gathering	yes	—	api-catalog:1230	-
ffuf	tool	local-cli	local PATH/Bash	local	scoped content/parameter fuzzing	yes	—	api-catalog:1239	-
waybackurls	tool	local-cli	local PATH/Bash	local	Wayback URL gathering	yes	—	api-catalog:1248	Use absolute ~/go/bin path unless PATH is updated.
interactsh-client	tool	local-cli	local PATH/Bash	local	scoped OOB impact evidence	yes	—	api-catalog:1257	Use absolute ~/go/bin path unless PATH is updated.
semgrep	tool	local-cli	local PATH/Bash	local	pattern SAST	yes	—	api-catalog:1268	-
osv-scanner	tool	local-cli	local PATH/Bash	local	dependency/SCA scan	yes	—	api-catalog:1277	-
gitleaks	tool	local-cli	local PATH/Bash	local	repository secret scan	yes	—	api-catalog:1286	-
trufflehog	tool	local-cli	local PATH/Bash	local	verified-secret detection	yes	—	api-catalog:1295	-
trivy	tool	local-cli	local PATH/Bash	local	container/filesystem/IaC scan	yes	—	api-catalog:1304	-
nikto	tool	local-cli	local PATH/Bash	local	noisy active web scan	yes	—	api-catalog:1317	Only explicitly in-scope targets under rules of engagement.
sqlmap	tool	local-cli	local PATH/Bash	local	high-blast-radius SQLi testing	yes	—	api-catalog:1326	Only explicitly in-scope targets under rules of engagement.
manticore	tool	local-cli	not installed	none	do not invoke	no	—	api-catalog:1337	Install failed; use verified alternatives.
chrome-devtools	tool	mcp-tool	fresh-Chrome MCP	claude|codex|gemini	navigate inspect network console and accessibility snapshots in a fresh browser	yes	subscription	model-lanes/lane-capabilities.tsv	Codex and Gemini tools/list verified 2026-07-20; not the Claude-specific authenticated raw-CDP :9222 path. Kimi remains lead-broker-only.
playwright	tool	mcp-tool	fresh-Chrome MCP and host PATH	claude|codex|gemini	navigate snapshot evaluate and interact in a fresh browser	yes	subscription	model-lanes/lane-capabilities.tsv	Codex and Gemini tools/list verified 2026-07-20; host PATH CLI 1.61.0 also probed. Kimi uses lead-broker/CLI rather than child MCP inheritance.
figma	tool	connector	Chrono controller connector	chrono	read designs and design context from the operator's View seat	yes	subscription	_state/execution-2026-07-17/INVENTORY.md:C5,D	OAuth connector smoke-confirmed read-only; View seat does not authorize design writes, and squad-lane access still requires verification. Pair with Stitch for generated design work.
firebase	tool	mcp	Firebase MCP	claude	read environment only until login and active project are confirmed	partial	subscription	_state/discovery-gems-2026-07-17/gems.md;_state/audit-2026-07-17/deploy-rec/recommendation.md	MCP connected but deploy remains login/project gated; firebase_init/firebase_deploy are prompts/workflows, not proof of a one-call deploy tool. Hosting cost depends on Spark/Blaze; credential_change and production_mutation gates apply.
CodeRabbit	tool	catalog-absent-candidate	unregistered	unknown	review overlay after server/auth probe	catalog-absent	unknown	shared/api-catalog.md:no-entry@2026-07-17	Design backlog only.
pr-review-toolkit	tool	catalog-absent-candidate	unregistered	unknown	review agents after exact manifest inventory	catalog-absent	unknown	shared/api-catalog.md:no-entry@2026-07-17	Design backlog only.
Sentry	tool	catalog-absent-candidate	unregistered	unknown	incident observability after connector probe	catalog-absent	unknown	shared/api-catalog.md:no-entry@2026-07-17	Design backlog only.
Cloudflare	tool	catalog-absent-candidate	unregistered	unknown	platform/release operations after connector probe	catalog-absent	unknown	shared/api-catalog.md:no-entry@2026-07-17	Design backlog only.
Hugging Face	tool	connector	Chrono controller connector	chrono	read/list authorized model and dataset metadata	yes	subscription	_state/execution-2026-07-17/INVENTORY.md:C5,D	OAuth connector smoke-confirmed in the controller session; squad-lane access and mutation coverage still require verification.
Linear	tool	catalog-absent-candidate	unregistered	unknown	project delivery after connector probe	catalog-absent	unknown	shared/api-catalog.md:no-entry@2026-07-17	Design backlog only.
GitLab	tool	catalog-absent-candidate	unregistered	unknown	repository/review operations after connector probe	catalog-absent	unknown	shared/api-catalog.md:no-entry@2026-07-17	Design backlog only.
Shopify	tool	catalog-absent-candidate	unregistered	unknown	e-commerce operations after connector probe	catalog-absent	unknown	shared/api-catalog.md:no-entry@2026-07-17	Gap-sweep candidate only.
Search Console/analytics	tool	catalog-absent-candidate	unregistered	unknown	measured search impact after connector exists	catalog-absent	unknown	shared/api-catalog.md:no-entry@2026-07-17	No connector today.
Codex session GitHub connector	tool	session-connector	current Codex session	codex	repository read plane only; mutations remain operator-gated	yes	subscription	departments/coding/outbox/TASK-2026-07-17-0305-probecodex-response.md	Read transport verified with a real repository across an 89-method session surface; no mutation was tested.
Codex Sites connector	tool	session-connector	current Codex session	codex	list/read plane only after a resource exists; deployment remains gated	partial	subscription	departments/coding/outbox/TASK-2026-07-17-0305-probecodex-response.md	List schema auth and transport verified with an empty result; resource reads and deployment unverified; public_release and production_mutation gates apply.
image_gen__imagegen	tool	session-tool	current Codex session	codex	generate or edit images only after paid_media approval	partial	subscription	departments/coding/outbox/TASK-2026-07-17-0305-probecodex-response.md	Schema-only and uninvoked; provider liveness provenance and spend remain unverified.
view_image	tool	session-tool	current Codex session	codex	inspect existing local raster or animated-image evidence	yes	subscription	departments/coding/outbox/TASK-2026-07-17-0305-probecodex-response.md	Real local GIF viewing verified; visual inspection does not prove accessibility or rights.
Grok CLI	tool	local-cli	~/.local/bin/grok	codex	inventory only until a separately budgeted authenticated CLI probe passes	partial	metered	departments/coding/outbox/TASK-2026-07-17-0310-probemetered-response.md	Binary and version verified; authenticated inference route unverified; do not inherit direct-API state.
grok_reason	tool	stale-tool-token	unregistered	unknown	do not invoke; replace with cataloged xai_search where appropriate	catalog-absent	unknown	shared/api-catalog.md:no-entry@2026-07-17	Stale runtime token must fail closed.
Brave Search	tool	direct-api	https://api.search.brave.com/res/v1/web/search	codex	independent-index research only when subscription search is insufficient	yes	metered	_state/discovery-2026-07-17/newkeys-probe.md:248,271-273	HTTP 200 and relevant result; observed short-window remaining=49; approximately $0.005 before credits. Per-task query ceiling; no blind retry.
Apify	tool	direct-api	https://api.apify.com/v2	codex	authorized extraction/recon only after target and spend approval	yes	metered	_state/discovery-2026-07-17/newkeys-probe.md:247,267-269	Account verified on FREE plan; no Actor run or compute verified. Require target_authorized=true and explicit spend/compute ceiling before runs.
Serper	tool	direct-api	https://google.serper.dev/search	codex	Google-index diversity only when subscription search is insufficient	yes	metered	_state/discovery-2026-07-17/newkeys-probe.md:249,271-273	HTTP 200; one credit used; remaining 499/500. Monetary plan cost unknown; require per-task credit ceiling.
